image;text;hashtags
1.jpg;Happy happy birthday to my best friend.;#cat #cute #catlove #fun #animals #catsoftwitter #USA #birthday #kitten #kittenlove #pets #petlove
2.jpg;;#cat #cute #catlove #fun #animals #catsoftwitter #USA #birthday #kitten #kittenlove #pets #petlove
3.jpg;Look how much fun he has!;#cat #cute #catlove #fun #animals #catsoftwitter #kitten #kittenlove #pets #petlove
4.jpg;;#cat #cute #catlove #fun #animals #catsoftwitter #kitten #kittenlove #pets #petlove
5.jpg;I am in love with him…;#socute #cat #cute #catlove #fun #animals #catsoftwitter #kitten #kittenlove #pets #petlove
6.jpg;;#socute #cat #cute #catlove #fun #animals #catsoftwitter #kitten #kittenlove #pets #petlove
7.jpg;A day without you, is a day wasted…;#love #catlove #cute #lovehim #neverendinglove #cat #kitten #kittenlove #pets #petlove
8.jpg;;#love #catlove #cute #lovehim #neverendinglove #cat #kitten #kittenlove #pets #petlove
9.jpg;Missing you. Every second. It hurts.;#goodbye #sad #cat #lovehimforever #cat
10.jpg;;#goodbye #sad #cat #lovehimforever #cat
11.jpg;I LOVE cats!;#love #catlove #cute #lovehim #loveforeveryone #catsoftwitter #cat #kitten #kittenlove #pets #petlove
12.jpg;;#love #catlove #cute #lovehim #loveforeveryone #catsoftwitter #cat #kitten #kittenlove #pets #petlove
13.jpg;Unconditional love;#love #catlove #cute #lovehim #loveforeveryone #catsoftwitter #cat #kitten #kittenlove #pets #petlove
14.jpg;;#love #catlove #cute #lovehim #loveforeveryone #catsoftwitter #cat #kitten #kittenlove #pets #petlove
15.jpg;His fur shines very nicely since he gets new food;#catfood #cat #cute #catlove #fun #animals #catsoftwitter #USA #kitten #kittenlove #pets #petlove
16.jpg;;#catfood #cat #cute #catlove #fun #animals #catsoftwitter #USA #kitten #kittenlove #pets #petlove
17.jpg;Who let the cats out? Who, who, who, who, who;#music #BahaMen # #cat #cute #catlove #fun #animals #catsoftwitter #USA #kitten #kittenlove #pets #petlove
18.jpg;;#music #BahaMen # #cat #cute #catlove #fun #animals #catsoftwitter #USA #kitten #kittenlove #pets #petlove
19.jpg;IT'S PLAYTIME!;#playtime #cat #cute #catlove #fun #animals #catsoftwitter #USA #kitten #kittenlove #pets #petlove
20.jpg;;#playtime #cat #cute #catlove #fun #animals #catsoftwitter #USA #kitten #kittenlove #pets #petlove
21.jpg;CATLOVER;#cat #cute #catlove #fun #animals #catsoftwitter #USA #kitten #kittenlove #pets #petlove
22.jpg;;#cat #cute #catlove #fun #animals #catsoftwitter #USA #kitten #kittenlove #pets #petlove
23.jpg;I love to work from home with my cat. He helps me keeping motivated.;#homeworking #cat #cute #catlove #fun #animals #catsoftwitter #USA #kitten #kittenlove #pets #petlove
24.jpg;;#homeworking #cat #cute #catlove #fun #animals #catsoftwitter #USA #kitten #kittenlove #pets #petlove
25.jpg;His name is Bruno! ;#cat #cute #catlove #fun #animals #catsoftwitter #USA #kitten #kittenlove #pets #petlove
26.jpg;;#cat #cute #catlove #fun #animals #catsoftwitter #USA #kitten #kittenlove #pets #petlove
27.jpg;So CUTE!!!!;#cat #cute #catlove #fun #animals #catsoftwitter #USA #kitten #kittenlove #pets #petlove
28.jpg;;#cat #cute #catlove #fun #animals #catsoftwitter #USA #kitten #kittenlove #pets #petlove
29.jpg;Don't worry, be happy with my cat.;#happy #cat #cute #catlove #fun #animals #catsoftwitter #USA #kitten #kittenlove #pets #petlove
30.jpg;;#happy #cat #cute #catlove #fun #animals #catsoftwitter #USA #kitten #kittenlove #pets #petlove
31.jpg;Hakuna Matata!;#TheLionKing #cat #cute #catlove #fun #animals #catsoftwitter #USA #kitten #kittenlove #pets #petlove
32.jpg;;#TheLionKing #cat #cute #catlove #fun #animals #catsoftwitter #USA #kitten #kittenlove #pets #petlove
33.jpg;Wonderful day ;#happy #cat #cute #catlove #fun #animals #catsoftwitter #USA #kitten #kittenlove #pets #petlove
34.jpg;;#happy #cat #cute #catlove #fun #animals #catsoftwitter #USA #kitten #kittenlove #pets #petlove
35.jpg;Besties!;#bestfriends #cat #lovehim #animals #catsoftwitter #kitten #kittenlove #pets #petlove
36.jpg;;#bestfriends #cat #lovehim #animals #catsoftwitter #kitten #kittenlove #pets #petlove
37.jpg;cats just wanna have fun.;#cat #cute #catlove #fun #animals #catsoftwitter #USA #kitten #kittenlove #pets #petlove
38.jpg;;#cat #cute #catlove #fun #animals #catsoftwitter #USA #kitten #kittenlove #pets #petlove
39.jpg;Quality time with you.; #cat #cute #catlove #fun #animals #catsoftwitter #USA  #kitten #kittenlove #pets #petlove
40.jpg;; #cat #cute #catlove #fun #animals #catsoftwitter #USA  #kitten #kittenlove #pets #petlove
41.jpg;Favorite place.;#pet #petlife #petsofinstagram #pets #kittenlove
42.jpg;;#pet #petlife #petsofinstagram #pets #kittenlove
43.jpg;Making new friends! ;#cat #catlife #catsofinstagram #cats #catlover
44.jpg;;#cat #catlife #catsofinstagram #cats #catlover
45.jpg;My sweetie!;#cat #catlife #catsofinstagram #cats #pet #petlife #petsofinstagram #pets #catlover
46.jpg;;#cat #catlife #catsofinstagram #cats #pet #petlife #petsofinstagram #pets #catlover
47.jpg;My cutie!;#lucky #sosweet #love #kittenlove #cat #catlife #catsofinstagram #cats #pet #petlife #petsofinstagram #pets #catlover
48.jpg;;#lucky #sosweet #love #kittenlove #cat #catlife #catsofinstagram #cats #pet #petlife #petsofinstagram #pets #catlover
49.jpg;Exploring the world with you…;#happy #cat #cute #catlove #fun #animals #catsoftwitter #USA #kitten #kittenlove #pets #petlove
50.jpg;;#happy #cat #cute #catlove #fun #animals #catsoftwitter #USA #kitten #kittenlove #pets #petlove
51.jpg;Happy as long as I am with you.;#cat #catlife #catsofinstagram #cats #catlover
52.jpg;;#cat #catlife #catsofinstagram #cats #catlover
53.jpg;cats have the kindest hearts.;#lucky #sosweet #love #kittenlove #cat #catlife #catsofinstagram #cats #pet #petlife #petsofinstagram #pets #catlover
54.jpg;;#lucky #sosweet #love #kittenlove #cat #catlife #catsofinstagram #cats #pet #petlife #petsofinstagram #pets #catlover
55.jpg;Making memories…; #cat #cute #catlove #fun #animals #catsoftwitter #USA  #kitten #kittenlove #pets #petlove
56.jpg;; #cat #cute #catlove #fun #animals #catsoftwitter #USA  #kitten #kittenlove #pets #petlove
57.jpg;Never wanna be without you.;#happy #cat #cute #catlove #fun #animals #catsoftwitter #USA #kitten #kittenlove #pets #petlove
58.jpg;;#happy #cat #cute #catlove #fun #animals #catsoftwitter #USA #kitten #kittenlove #pets #petlove
59.jpg;I LOVE CATS!;#happy #cat #cute #catlove #fun #animals #catsoftwitter #USA #kitten #kittenlove #pets #petlove
60.jpg;;#happy #cat #cute #catlove #fun #animals #catsoftwitter #USA #kitten #kittenlove #pets #petlove
